{
	"gps": [51.3433935,12.3828491],
	"properties": {
		"speed": 4.3,
		"density": 12.2
	}
}