{
	"gps": [51.3434858, 12.3815462], 
	"properties": {
		"speed": 2.3,
		"density": 8.5
	}
}